Name,Composition,Group,Structure/SG,C1,NS,r,11,44,12,K,GR,GV,G,GHS1,GHS2,GHSA,K/G,nVRH,EVRH,VP,VB,VS,VP/VS,C12/C11,C44/C11,AZ,AU,AL,AG,n_110,n_001,S11,S44,S12
Osbornite,TiN,Mononitride,"Rocksalt, Fm-3m",7.0,1.BC,5.39,625,163,165,318.3333333333333,184.498031496063,189.8,187.1490157480315,187.3228762430493,186.95717560535388,187.1400259242016,1.7009618354708427,0.25421462545481244,469.4500653813082,10.264275586134135,7.6850496180191445,5.892497285321374,1.7419228366389183,0.264,0.2608,0.7086956521739131,0.1436863163510269,0.06335248399262788,1.4165098551935043,0.36630122074488763,0.16729647772334966,0.0017983155019348964,0.006134969325153374,-0.00037559754154336443
Qingsongite,BN,Mononitride,"Sphalerite, F-43m",7.0,1,3.48,809.8,474.7,178.1,388.6666666666667,395.1975407891615,411.15999999999997,403.17877039458074,402.3859266747123,403.69048039763953,403.03820353617596,0.9640057840503075,0.1145957573465017,898.7626938679581,16.314424550901037,10.568151387768312,10.763641043075985,1.5156975679150642,0.21993084712274635,0.5861941220054334,1.5029286053506412,0.2019554471285847,0.08854089050131131,1.9795758585225618,-0.02143099055131579,0.2246441830293768,0.0013412309238785265,0.002106593638087213,-0.00024179899538694764
